{
    "03d3->1a2a": [0.0,0.0,2.47972],
    "03d3->140b": [1.54256,9.71231,2.49942],
    "03d3->040c": [5.61887,9.23224,2.48579],
    "03d3->10ad": [5.09835,0.0,2.47735]
}
