{
    "42d6->4224": [0.0,0.0,2.47972],
    "42d6->423b": [1.54256,9.71231,2.49942],
    "42d6->422a": [5.61887,9.23224,2.48579],
    "42d6->1522": [5.09835,0.0,2.47735]
}
