{
    "42d6->4224": [2.767350, -17.577792, 1.046610],
    "42d6->423b": [2.084902, -1.106974,  1.054502],
    "42d6->422a": [-5.286977, -1.389804, 0.904299],
    "42d6->1522": [-4.680692, -17.822773, 1.597551]
}
